date,equity,cash,position_value,spy_price
2024-01-02 05:00:00,92951.83074369097,92951.83074369097,0.0,472.65
2024-01-03 05:00:00,100306.56730840806,92951.83074369097,7354.736564717092,468.79
2024-01-04 05:00:00,100457.25414436172,92951.83074369097,7505.423400670753,467.28
2024-01-05 05:00:00,100398.64160432495,92951.83074369097,7446.810860633979,467.92
2024-01-08 05:00:00,99760.01442752162,92951.83074369097,6808.183683830646,474.6
2024-01-09 05:00:00,99832.96700716254,92951.83074369097,6881.136263471581,473.88
2024-01-10 05:00:00,98659.95662823331,92035.20472585072,6624.7519023825935,476.56
2024-01-11 05:00:00,99409.97893250163,92035.20472585072,7374.7742066509145,476.35
2024-01-12 05:00:00,99437.26650388804,92035.20472585072,7402.061778037319,476.68
2024-01-16 05:00:00,99242.75336167612,92035.20472585072,7207.548635825396,474.93
2024-01-17 05:00:00,98976.07321040242,92035.20472585072,6940.868484551692,472.29
2024-01-18 05:00:00,99387.03998939651,92035.20472585072,7351.835263545786,476.49
2024-01-19 05:00:00,99972.79778501256,92035.20472585072,7937.593059161844,482.43
2024-01-22 05:00:00,100060.06173229031,92035.20472585072,8024.857006439589,483.45
2024-01-23 05:00:00,100195.99917657433,92035.20472585072,8160.794450723614,484.86
2024-01-24 05:00:00,100244.22302070868,92035.20472585072,8209.018294857953,485.39
2024-01-25 05:00:00,100503.20015447622,92035.20472585072,8467.9954286255,488.03
2024-01-26 05:00:00,100436.69176879922,92035.20472585072,8401.487042948498,487.41
2024-01-29 05:00:00,100808.78574565257,92035.20472585072,8773.581019801839,491.27
2024-01-30 05:00:00,100766.30982503282,92035.20472585072,8731.1050991821,490.89
2024-01-31 05:00:00,99961.31040225245,92035.20472585072,7926.105676401732,482.88
2024-02-01 05:00:00,100588.40297318065,92035.20472585072,8553.19824732993,489.2
2024-02-02 05:00:00,101098.81418576173,92035.20472585072,9063.60945991101,494.35
2024-02-05 05:00:00,100905.49454901493,92035.20472585072,8870.28982316421,492.55
2024-02-06 05:00:00,101044.04435960026,92035.20472585072,9008.839633749534,493.98
2024-02-07 05:00:00,101451.5965064318,92035.20472585072,9416.39178058108,498.1
2024-02-08 05:00:00,101469.16550041985,92035.20472585072,9433.960774569125,498.32
2024-02-09 05:00:00,101752.73356758874,92035.20472585072,9717.528841738016,501.2
2024-02-12 05:00:00,101717.44626809974,92035.20472585072,9682.241542249016,500.98
2024-02-13 05:00:00,101023.01763707069,92035.20472585072,8987.81291121997,494.08
2024-02-14 05:00:00,101467.58675889525,92035.20472585072,9432.38203304453,498.57
2024-02-15 05:00:00,101807.15624225645,92035.20472585072,9771.951516405727,502.01
2024-02-16 05:00:00,101552.72540914164,92035.20472585072,9517.520683290923,499.51
2024-02-20 05:00:00,101259.99722898091,92035.20472585072,9224.792503130186,496.76
2024-02-21 05:00:00,101300.56397666947,92035.20472585072,9265.35925081874,497.21
2024-02-22 05:00:00,102325.13023879957,92035.20472585072,10289.92551294885,507.5
2024-02-23 05:00:00,102355.6960150671,92035.20472585072,10320.491289216368,507.85
2024-02-26 05:00:00,104238.54867474984,94117.36297275753,10121.185701992306,505.99
2024-02-27 05:00:00,102063.67082179086,94117.36297275753,7946.307849033326,506.93
2024-02-28 05:00:00,101991.71274981942,94117.36297275753,7874.349777061878,506.26
2024-02-29 05:00:00,102166.42748735403,94117.36297275753,8049.0645145964945,508.08
2024-03-01 05:00:00,102634.72481797132,94117.36297275753,8517.361845213787,512.85
2024-03-04 05:00:00,102564.28745734107,94117.36297275753,8446.924484583531,512.3
2024-03-05 05:00:00,102049.83965587353,94117.36297275753,7932.476683115988,507.18
2024-03-06 05:00:00,102300.06223024376,94117.36297275753,8182.699257486229,509.75
2024-03-07 05:00:00,102798.97384948713,94117.36297275753,8681.6108767296,514.81
2024-03-08 05:00:00,102485.88792730395,94117.36297275753,8368.524954546421,511.72
2024-03-11 04:00:00,102426.79640115084,94117.36297275753,8309.433428393317,511.28
2024-03-12 04:00:00,102970.72707037069,94117.36297275753,8853.364097613156,516.78
2024-03-13 04:00:00,102884.95009655919,94117.36297275753,8767.58712380165,515.97
2024-03-14 04:00:00,102778.20081508436,94117.36297275753,8660.837842326822,514.95
2024-03-15 04:00:00,102262.11179194345,94117.36297275753,8144.7488191859175,509.83
2024-03-18 04:00:00,102549.97742884856,94117.36297275753,8432.614456091034,512.86
2024-03-19 04:00:00,102829.95167920477,94117.36297275753,8712.588706447235,515.71
2024-03-20 04:00:00,103301.99794111575,94117.36297275753,9184.634968358216,520.48
2024-03-21 04:00:00,103469.22529300224,94117.36297275753,9351.862320244698,522.2
2024-03-22 04:00:00,103365.51214786488,94117.36297275753,9248.14917510734,521.21
2024-03-25 04:00:00,103207.36153653356,94117.36297275753,9089.998563776027,519.77
2024-03-26 04:00:00,103106.65212613794,94117.36297275753,8989.289153380407,518.81
2024-03-27 04:00:00,103537.92303489901,94117.36297275753,9420.560062141476,523.17
2024-03-28 04:00:00,103523.21705716196,94117.36297275753,9405.854084404433,523.07
2024-04-01 04:00:00,103413.39913828683,94117.36297275753,9296.03616552929,522.16
2024-04-02 04:00:00,103076.69537124295,94117.36297275753,8959.332398485423,518.84
2024-04-03 04:00:00,103128.9903293185,94117.36297275753,9011.627356560979,519.41
2024-04-04 04:00:00,102490.28599765185,94117.36297275753,8372.923024894317,513.07
2024-04-05 04:00:00,103021.57972902295,94117.36297275753,8904.216756265418,518.43
2024-04-08 04:00:00,103036.4604504381,94117.36297275753,8919.097477680567,518.72
2024-04-09 04:00:00,103091.75302372154,94117.36297275753,8974.390050964008,519.32
2024-04-10 04:00:00,102567.04508244096,94117.36297275753,8449.682109683437,514.12
2024-04-11 04:00:00,102950.33662508345,94117.36297275753,8832.973652325922,518.0
2024-04-12 04:00:00,102334.7846974172,94221.52001832872,8113.264679088468,510.85
2024-04-15 04:00:00,101189.75634600827,93989.33006873218,7200.426277276097,504.45
2024-04-16 04:00:00,101368.2194122808,93989.33006873218,7378.889343548622,503.53
2024-04-17 04:00:00,101659.5248225657,93989.33006873218,7670.194753833528,500.55
2024-04-18 04:00:00,101763.3370505648,93989.33006873218,7774.006981832634,499.52
2024-04-19 04:00:00,102193.55019211545,93989.33006873218,8204.220123383277,495.16
2024-04-22 04:00:00,101759.87553949884,93989.33006873218,7770.545470766666,499.72
2024-04-23 04:00:00,101186.12768428757,93989.33006873218,7196.797615555386,505.65
2024-04-24 04:00:00,101212.88426531322,93989.33006873218,7223.554196581045,505.41
2024-04-25 04:00:00,101403.61693284687,93989.33006873218,7414.286864114694,503.49
2024-04-26 04:00:00,100943.15195333073,93989.33006873218,6953.821884598557,508.26
2024-04-29 04:00:00,100778.39563741829,93989.33006873218,6789.065568686112,510.06
2024-04-30 04:00:00,101573.13840027821,93989.33006873218,7583.808331546033,501.98
2024-05-01 04:00:00,101738.72255258478,93989.33006873218,7749.392483852603,500.35
2024-05-02 04:00:00,101281.9364524497,93989.33006873218,7292.606383717526,505.03
2024-05-03 04:00:00,100672.43587246447,93989.33006873218,6683.105803732297,511.29
2024-05-06 04:00:00,100168.27428624145,93989.33006873218,6178.9442175092745,516.57
2024-05-07 04:00:00,100115.89192430917,93989.33006873218,6126.561855576983,517.14
2024-05-08 04:00:00,100114.1338767626,93989.33006873218,6124.8038080304295,517.19
2024-05-09 04:00:00,99827.33855332453,93989.33006873218,5838.008484592354,520.17
2024-05-10 04:00:00,97547.47944429632,91771.80581627389,5775.673628022429,520.84
2024-05-13 04:00:00,99617.23559359052,91771.80581627389,7845.429777316639,520.91
2024-05-14 04:00:00,99847.77888087984,91771.80581627389,8075.97306460595,523.3
2024-05-15 04:00:00,100485.3488167589,91771.80581627389,8713.543000485004,529.78
2024-05-16 04:00:00,100371.49097716503,91771.80581627389,8599.685160891135,528.69
2024-05-17 04:00:00,100441.6440033022,91771.80581627389,8669.838187028306,529.45
2024-05-20 04:00:00,100486.30701701702,91771.80581627389,8714.501200743132,530.06
2024-05-21 04:00:00,100610.60425003152,91771.80581627389,8838.798433757636,531.36
2024-05-22 04:00:00,100452.82924849179,91771.80581627389,8681.023432217899,529.83
2024-05-23 04:00:00,100061.89432340166,91771.80581627389,8290.088507127773,525.96
2024-05-24 04:00:00,100403.48127513788,91771.80581627389,8631.675458863987,529.44
2024-05-28 04:00:00,100419.806406323,91771.80581627389,8648.000590049105,529.81
2024-05-29 04:00:00,100044.35086416452,91771.80581627389,8272.545047890628,526.1
2024-05-30 04:00:00,99690.95392073908,91771.80581627389,7919.148104465194,522.61
2024-05-31 04:00:00,100160.91580281613,91771.80581627389,8389.109986542246,527.37
2024-06-03 04:00:00,100188.7728789344,91771.80581627389,8416.9670626605,527.8
2024-06-04 04:00:00,100242.7489199925,91771.80581627389,8470.943103718617,528.39
2024-06-05 04:00:00,100865.57648646079,91771.80581627389,9093.7706701869,534.67
2024-06-06 04:00:00,100859.67436961703,91771.80581627389,9087.868553343145,534.66
2024-06-07 04:00:00,100789.78811440777,91771.80581627389,9017.982298133888,534.01
2024-06-10 04:00:00,100940.12349086114,91771.80581627389,9168.317674587252,535.66
2024-06-11 04:00:00,101064.24581262494,91771.80581627389,9292.43999635105,536.95
2024-06-12 04:00:00,101500.3702911064,91771.80581627389,9728.564474832512,541.36
2024-06-13 04:00:00,101604.50160803113,91771.80581627389,9832.695791757244,542.45
2024-06-14 04:00:00,101632.63346422704,91771.80581627389,9860.827647953152,542.78
2024-06-17 04:00:00,102050.02745954269,91771.80581627389,10278.221643268802,547.1
2024-06-18 04:00:00,102184.15794214208,91771.80581627389,10412.352125868181,548.49
2024-06-20 04:00:00,102025.4173319141,91771.80581627389,10253.611515640205,547.0
2024-06-21 04:00:00,101771.54622772052,91771.80581627389,9999.74041144663,544.51
2024-06-24 04:00:00,101579.92971228424,91771.80581627389,9808.123896010351,542.74
2024-06-25 04:00:00,103346.18191214629,93333.93125588167,10012.250656264616,544.83
2024-06-26 04:00:00,101661.88452847031,93333.93125588167,8327.953272588638,545.51
2024-06-27 04:00:00,101740.66288907955,93333.93125588167,8406.731633197876,546.37
2024-06-28 04:00:00,101521.91782742913,93333.93125588167,8187.986571547463,544.22
2024-07-01 04:00:00,101614.21800560068,93333.93125588167,8280.286749719,545.34
2024-07-02 04:00:00,101972.3328574381,93333.93125588167,8638.401601556421,549.01
2024-07-03 04:00:00,102210.10681653683,93333.93125588167,8876.175560655161,551.46
2024-07-05 04:00:00,102515.53283590154,93333.93125588167,9181.601580019862,554.64
2024-07-08 04:00:00,102562.94817752995,93333.93125588167,9229.016921648281,555.28
2024-07-09 04:00:00,102611.42994878454,93333.93125588167,9277.498692902862,555.82
2024-07-10 04:00:00,103155.25263224782,93333.93125588167,9821.321376366148,561.32
2024-07-11 04:00:00,102666.62162938254,93333.93125588167,9332.690373500862,556.48
2024-07-12 04:00:00,103011.90761886994,93333.93125588167,9677.976362988273,559.99
2024-07-15 04:00:00,103150.18799513626,93333.93125588167,9816.256739254584,561.53
2024-07-16 04:00:00,103477.8982309293,93333.93125588167,10143.96697504763,564.86
2024-07-17 04:00:00,102681.08857866292,93333.93125588167,9347.157322781248,556.94
2024-07-18 04:00:00,102248.18661860311,93333.93125588167,8914.25536272144,552.66
2024-07-19 04:00:00,101876.28207955867,93333.93125588167,8542.350823677003,548.99
2024-07-22 04:00:00,102426.36643597622,93333.93125588167,9092.435180094548,554.65
2024-07-23 04:00:00,102334.25113283016,93333.93125588167,9000.319876948492,553.78
2024-07-24 04:00:00,101074.72748977593,93333.93125588167,7740.796233894258,541.23
2024-07-25 04:00:00,100787.73560639094,93333.93125588167,7453.804350509267,538.41
2024-07-26 04:00:00,101385.08963258255,93333.93125588167,8051.158376700874,544.44
2024-07-29 04:00:00,101401.6511268064,93333.93125588167,8067.7198709247305,544.76
2024-07-30 04:00:00,101120.56777443831,93333.93125588167,7786.636518556634,542.0
2024-07-31 04:00:00,101996.40434869038,93333.93125588167,8662.473092808716,550.81
2024-08-01 04:00:00,101211.33297065953,93333.93125588167,7877.401714777852,543.01
2024-08-02 04:00:00,100195.32470436454,93333.93125588167,6861.393448482869,532.9
2024-08-05 04:00:00,96307.6963161707,91013.23515670691,5294.461159463788,517.38
2024-08-06 04:00:00,98047.85632453121,91013.23515670691,7034.621167824293,522.15
2024-08-07 04:00:00,98383.47315371787,91013.23515670691,7370.237997010969,518.66
2024-08-08 04:00:00,97253.01722960117,91013.23515670691,6239.782072894263,530.65
2024-08-09 04:00:00,97037.19713467284,91013.23515670691,6023.961977965933,532.99
2024-08-12 04:00:00,97011.91040524756,91013.23515670691,5998.675248540644,533.27
2024-08-13 04:00:00,96212.5673565982,91013.23515670691,5199.332199891291,542.04
2024-08-14 04:00:00,96058.1914959605,91013.23515670691,5044.956339253587,543.75
2024-08-15 04:00:00,95250.70589051698,91013.23515670691,4237.470733810073,553.07
2024-08-16 04:00:00,95141.67686920706,91013.23515670691,4128.441712500148,554.31
2024-08-19 04:00:00,89490.70568028287,85816.02111727664,3674.6845630062353,559.61
2024-08-20 04:00:00,94467.21769476746,85816.02111727664,8651.196577490817,558.7
2024-08-21 04:00:00,94651.00654433083,85816.02111727664,8834.985427054176,560.62
2024-08-22 04:00:00,94209.37518891938,85816.02111727664,8393.354071642738,556.22
2024-08-23 04:00:00,94788.5563654282,85816.02111727664,8972.535248151564,562.13
2024-08-26 04:00:00,94637.5461463048,85816.02111727664,8821.525029028151,560.79
2024-08-27 04:00:00,94708.12953077293,85816.02111727664,8892.108413496288,561.56
2024-08-28 04:00:00,94378.29005668648,85816.02111727664,8562.268939409847,558.3
2024-08-29 04:00:00,94377.27203634208,85816.02111727664,8561.250919065435,558.35
2024-08-30 04:00:00,94901.70747740947,85816.02111727664,9085.68636013282,563.68
2024-09-03 04:00:00,93724.4328014736,85816.02111727664,7908.411684196954,552.08
2024-09-04 04:00:00,93606.15118364099,85816.02111727664,7790.130066364355,550.95
2024-09-05 04:00:00,93467.00709275572,85816.02111727664,7650.985975479085,549.61
2024-09-06 04:00:00,92544.95323732047,85816.02111727664,6728.932120043823,540.36
2024-09-09 04:00:00,93124.81098390368,85816.02111727664,7308.789866627035,546.41
2024-09-10 04:00:00,93355.5482571695,85816.02111727664,7539.527139892857,548.79
2024-09-11 04:00:00,93910.94620601463,85816.02111727664,8094.925088737995,554.42
2024-09-12 04:00:00,94371.64823255221,85816.02111727664,8555.627115275569,559.09
2024-09-13 04:00:00,94657.99399378333,85816.02111727664,8841.972876506685,562.01
2024-09-16 04:00:00,94725.05644461012,85816.02111727664,8909.03532733347,562.84
2024-09-17 04:00:00,94742.78998975977,85816.02111727664,8926.768872483131,563.07
2024-09-18 04:00:00,94570.58230383733,85816.02111727664,8754.561186560688,561.4
2024-09-19 04:00:00,95523.24008090976,85816.02111727664,9707.218963633119,570.98
2024-09-20 04:00:00,95245.04661817379,85816.02111727664,9429.025500897149,568.25
2024-09-23 04:00:00,95371.4369378633,85816.02111727664,9555.41582058666,569.67
2024-09-24 04:00:00,95529.23773850934,85816.02111727664,9713.216621232697,571.3
2024-09-25 04:00:00,95398.04037432234,85816.02111727664,9582.019257045704,570.04
2024-09-26 04:00:00,95618.84227103363,85816.02111727664,9802.821153756991,572.3
2024-09-27 04:00:00,95530.64431633313,85816.02111727664,9714.62319905649,571.47
2024-09-30 04:00:00,95744.04740039377,85816.02111727664,9928.026283117128,573.76
2024-10-01 04:00:00,95224.84733729785,85816.02111727664,9408.826220021205,568.62
2024-10-02 04:00:00,95243.64670350695,85816.02111727664,9427.625586230311,568.86
2024-10-03 04:00:00,95134.44550066869,85816.02111727664,9318.42438339205,567.82
2024-10-04 04:00:00,96196.2680147297,86367.04540411016,9829.222610619547,572.98
2024-10-07 04:00:00,94924.26592867002,86367.04540411016,8557.220524559858,567.8
2024-10-08 04:00:00,95449.6587059535,86367.04540411016,9082.613301843332,573.17
2024-10-09 04:00:00,95837.907632608,86367.04540411016,9470.862228497828,577.14
2024-10-10 04:00:00,95731.5131215563,86367.04540411016,9364.467717446138,576.13
2024-10-11 04:00:00,96068.94635485244,86367.04540411016,9701.900950742282,579.58
2024-10-14 04:00:00,96524.3815191361,86367.04540411016,10157.336115025948,584.32
2024-10-15 04:00:00,96065.88001756881,86367.04540411016,9698.83461345865,579.78
2024-10-16 04:00:00,96311.61529098556,86367.04540411016,9944.569886875393,582.3
2024-10-17 04:00:00,96311.01879093857,86367.04540411016,9943.973386828406,582.35
2024-10-18 04:00:00,96529.11283666945,86367.04540411016,10162.06743255928,584.59
2024-10-21 04:00:00,96416.76455801456,86367.04540411016,10049.719153904403,583.63
2024-10-22 04:00:00,96380.3353761498,86367.04540411016,10013.289972039638,583.32
2024-10-23 04:00:00,95842.44268982686,86367.04540411016,9475.397285716701,577.99
2024-10-24 04:00:00,95961.80440565688,86367.04540411016,9594.759001546714,579.24
2024-10-25 04:00:00,95936.36016001648,86367.04540411016,9569.314755906316,579.04
2024-10-28 04:00:00,96098.99818636509,86367.04540411016,9731.952782254928,580.83
2024-10-29 04:00:00,96187.59118005307,86367.04540411016,9820.545775942917,581.77
2024-10-30 04:00:00,96006.28086454004,86367.04540411016,9639.235460429876,580.01
2024-10-31 04:00:00,94864.49540533037,86367.04540411016,8497.450001220199,568.64
2024-11-01 04:00:00,95098.87651338716,86367.04540411016,8731.831109276998,571.04
2024-11-04 05:00:00,94954.38048044687,86367.04540411016,8587.335076336705,569.81
2024-11-05 05:00:00,95637.96112962218,86367.04540411016,9270.915725512015,576.7
2024-11-06 05:00:00,97066.6240156157,86367.04540411016,10699.578611505534,591.04
2024-11-07 05:00:00,97518.31780357628,86367.04540411016,11151.272399466121,595.61
2024-11-08 05:00:00,97771.01207840833,86367.04540411016,11403.966674298157,598.19
2024-11-11 05:00:00,97812.09210215198,86367.04540411016,11445.046698041808,598.76
2024-11-12 05:00:00,97620.78430767133,86367.04540411016,11253.738903561169,596.9
2024-11-13 05:00:00,97644.47593230316,86367.04540411016,11277.430528193003,597.19
2024-11-14 05:00:00,97255.16697614049,86367.04540411016,10888.121572030332,593.35
2024-11-15 05:00:00,96489.85743833664,86367.04540411016,10122.812034226474,585.75
2024-11-18 05:00:00,97748.35799149064,87401.47806275282,10346.879928737826,588.15
2024-11-19 05:00:00,96725.16855945908,87401.47806275282,9323.690496706256,590.3
2024-11-20 05:00:00,96738.4842907619,87401.47806275282,9337.006228009084,590.5
2024-11-21 05:00:00,97046.5489472961,87401.47806275282,9645.070884543276,593.67
2024-11-22 05:00:00,97223.13994103663,87401.47806275282,9821.661878283805,595.51
2024-11-25 05:00:00,97405.91212021348,87401.47806275282,10004.434057460656,597.53
2024-11-26 05:00:00,97710.87839727069,87401.47806275282,10309.400334517864,600.65
2024-11-27 05:00:00,97523.56098945958,87401.47806275282,10122.082926706758,598.83
2024-11-29 05:00:00,97882.98803701314,87401.47806275282,10481.509974260325,602.55
2024-12-02 05:00:00,97973.69768937366,87401.47806275282,10572.21962662083,603.63
2024-12-03 05:00:00,97996.0113286894,87401.47806275282,10594.533265936581,603.91
2024-12-04 05:00:00,98365.07121943614,87401.47806275282,10963.593156683322,607.66
2024-12-05 05:00:00,98259.56028129187,87401.47806275282,10858.082218539044,606.66
2024-12-06 05:00:00,98368.93026573802,87401.47806275282,10967.452202985198,607.81
2024-12-09 05:00:00,98039.43058244529,87401.47806275282,10637.952519692459,604.68
2024-12-10 05:00:00,97845.9646289327,87401.47806275282,10444.486566179876,602.8
2024-12-11 05:00:00,98306.3044194051,87401.47806275282,10904.82635665228,607.46
2024-12-12 05:00:00,97987.86262663525,87401.47806275282,10586.384563882422,604.33
2024-12-13 05:00:00,97970.35655530449,87401.47806275282,10568.87849255167,604.21
2024-12-16 05:00:00,98211.85514055689,87401.47806275282,10810.377077804065,606.79
2024-12-17 05:00:00,97956.3891766626,87401.47806275282,10554.911113909782,604.29
2024-12-18 05:00:00,96168.21553591426,87419.46340668228,8748.75212923198,586.28
2024-12-19 05:00:00,95997.79724990792,87419.46340668228,8578.333843225642,586.1
2024-12-20 05:00:00,95517.20143246818,87419.46340668228,8097.738025785907,591.15
2024-12-23 05:00:00,95187.96065055911,87419.46340668228,7768.497243876835,594.69
2024-12-24 05:00:00,94565.85219382717,87419.46340668228,7146.388787144895,601.3
2024-12-26 05:00:00,94564.60666808156,87419.46340668228,7145.143261399278,601.34
2024-12-27 05:00:00,95168.09268517957,87419.46340668228,7748.6292784972875,595.01
2024-12-30 05:00:00,95836.40720491813,87419.46340668228,8416.943798235843,588.22
2024-12-31 05:00:00,96050.46048132163,87419.46340668228,8630.997074639356,586.08
2025-01-02 05:00:00,96202.19677401357,87419.46340668228,8782.733367331297,584.64
2025-01-03 05:00:00,95489.92452068432,87419.46340668228,8070.461114002046,591.95
2025-01-06 05:00:00,95169.78632952592,87419.46340668228,7750.322922843634,595.36
2025-01-07 05:00:00,95835.81188248597,87419.46340668228,8416.348475803694,588.63
2025-01-08 05:00:00,95756.38550939751,87419.46340668228,8336.922102715243,589.49
2025-01-10 05:00:00,96661.13107010651,87419.46340668228,9241.667663424232,580.49
2025-01-13 05:00:00,96591.47608186843,87419.46340668228,9172.012675186159,581.39
2025-01-14 05:00:00,96518.5085226342,87419.46340668228,9099.045115951923,582.19
2025-01-15 05:00:00,95471.03730245701,87419.46340668228,8051.5738957747435,592.78
2025-01-16 05:00:00,95590.55593520791,87419.46340668228,8171.09252852564,591.64
2025-01-17 05:00:00,95006.60963448804,87419.46340668228,7587.146227805761,597.58
2025-01-21 05:00:00,94487.23408973514,87419.46340668228,7067.770683052857,603.05
2025-01-22 05:00:00,94156.50895988812,87419.46340668228,6737.045553205837,606.44
2025-01-23 05:00:00,90798.82026387153,84384.45778955726,6414.362474314271,609.75
2025-01-24 05:00:00,93493.85701920318,84384.45778955726,9109.399229645918,607.97
2025-01-27 05:00:00,92625.79310928052,84384.45778955726,8241.335319723259,599.37
2025-01-28 05:00:00,93124.93089003988,84384.45778955726,8740.47310048262,604.52
2025-01-29 05:00:00,92850.57500123272,84384.45778955726,8466.117211675464,601.81
2025-01-30 05:00:00,93162.02821348808,84384.45778955726,8777.57042393083,605.04
2025-01-31 05:00:00,92836.9798183751,84384.45778955726,8452.522028817839,601.82
2025-02-03 05:00:00,92415.77138701253,84384.45778955726,8031.313597455278,597.77
2025-02-04 05:00:00,92804.56732418391,84384.45778955726,8420.109534626647,601.78
2025-02-05 05:00:00,93039.3901810248,84384.45778955726,8654.932391467548,604.22
2025-02-06 05:00:00,93241.14916788533,84384.45778955726,8856.69137832807,606.32
2025-02-07 05:00:00,92683.74368904892,84384.45778955726,8299.285899491657,600.77
2025-02-10 05:00:00,93068.9459936556,84384.45778955726,8684.488204098328,604.85
2025-02-11 05:00:00,93108.32141435449,84384.45778955726,8723.86362479723,605.31
2025-02-12 05:00:00,92907.82360601558,84384.45778955726,8523.365816458318,603.36
2025-02-13 05:00:00,93536.39824271241,84384.45778955726,9151.940453155157,609.73
2025-02-14 05:00:00,93527.33176582266,84384.45778955726,9142.8739762654,609.7
2025-02-18 05:00:00,93682.24512222475,84384.45778955726,9297.787332667485,611.49
2025-02-19 05:00:00,93820.28813695183,84384.45778955726,9435.830347394574,612.93
2025-02-20 05:00:00,93559.629093315,84384.45778955726,9175.171303757747,610.38
2025-02-21 05:00:00,92510.88549970964,84384.45778955726,8126.42771015237,599.94
2025-02-24 05:00:00,92220.28765489363,84384.45778955726,7835.829865336371,597.21
2025-02-25 05:00:00,91917.6940118891,84384.45778955726,7533.236222331845,594.24
2025-02-26 05:00:00,91941.69186535757,84384.45778955726,7557.234075800317,594.54
2025-02-27 05:00:00,88763.22707415905,82159.46591650683,6603.761157652218,585.05
2025-02-28 05:00:00,89967.13963436514,82159.46591650683,7807.6737178583135,594.18
2025-03-03 05:00:00,90974.7771472986,82159.46591650683,8815.31123079178,583.77
2025-03-04 05:00:00,91654.20796199098,82159.46591650683,9494.742045484145,576.86
2025-03-05 05:00:00,91052.64490644391,82159.46591650683,8893.178989937076,583.06
2025-03-06 05:00:00,92073.81205109096,82159.46591650683,9914.346134584139,572.71
2025-03-07 05:00:00,91762.89070938135,82159.46591650683,9603.424792874523,575.92
2025-03-10 04:00:00,93303.1620365817,82159.46591650683,11143.696120074877,560.58
2025-03-11 04:00:00,93774.6913275088,82159.46591650683,11615.225411001973,555.92
2025-03-12 04:00:00,93487.41424573629,82159.46591650683,11327.948329229457,558.87
2025-03-13 04:00:00,94238.12799666022,82159.46591650683,12078.66208015339,551.42
2025-03-14 04:00:00,93108.39370903929,82159.46591650683,10948.927792532459,562.81
2025-03-17 04:00:00,92696.38340981348,82159.46591650683,10536.917493306657,567.15
2025-03-18 04:00:00,93315.13322722359,82159.46591650683,11155.667310716752,561.02
2025-03-19 04:00:00,92712.28120815943,82159.46591650683,10552.815291652598,567.13
2025-03-20 04:00:00,92883.01970462722,82159.46591650683,10723.553788120387,565.49
2025-03-21 04:00:00,93040.93928821785,82159.46591650683,10881.473371711025,563.98
2025-03-24 04:00:00,92053.72762105106,82159.46591650683,9894.261704544226,574.08
2025-03-25 04:00:00,91923.00192469136,82159.46591650683,9763.53600818453,575.46
2025-03-26 04:00:00,92616.33358556576,82159.46591650683,10456.867669058942,568.59
2025-03-27 04:00:00,92774.50358217036,82159.46591650683,10615.037665663533,567.08
2025-03-28 04:00:00,93923.59014749188,82159.46591650683,11764.124230985055,555.66
2025-03-31 04:00:00,93572.70657855434,82159.46591650683,11413.240662047509,559.39
2025-04-01 04:00:00,93422.08339409306,82159.46591650683,11262.61747758623,560.97
2025-04-02 04:00:00,93074.46785510636,82159.46591650683,10915.001938599527,564.52
2025-04-03 04:00:00,95863.829591065,82159.46591650683,13704.36367455818,536.7
2025-04-04 04:00:00,99013.21345581178,82159.46591650683,16853.747539304954,505.28
2025-04-07 04:00:00,99125.37000108356,82159.46591650683,16965.904084576738,504.38
2025-04-08 04:00:00,99922.75713506537,82159.46591650683,17763.29121855855,496.48
2025-04-09 04:00:00,94716.14507913361,82159.46591650683,12556.679162626779,548.62
2025-04-10 04:00:00,97127.53383189763,82159.46591650683,14968.067915390793,524.58
2025-04-11 04:00:00,96198.92339492551,82159.46591650683,14039.457478418683,533.94
2025-04-14 04:00:00,101231.47735899469,87687.84633198034,13543.631027014351,539.12
2025-04-15 04:00:00,95637.85664750745,87687.84633198034,7950.010315527106,537.61
2025-04-16 04:00:00,96806.36738431946,87687.84633198034,9118.52105233911,525.66
2025-04-17 04:00:00,96737.65527856289,87687.84633198034,9049.80894658254,526.41
2025-04-21 04:00:00,98000.57500016244,87687.84633198034,10312.728668182091,513.88
2025-04-22 04:00:00,96680.69819917445,87687.84633198034,8992.851867194111,527.25
2025-04-23 04:00:00,95882.23126685305,87687.84633198034,8194.384934872709,535.42
2025-04-24 04:00:00,94792.23315613758,87687.84633198034,7104.3868241572345,546.69
2025-04-25 04:00:00,94416.83205424948,87687.84633198034,6728.985722269135,550.64
2025-04-28 04:00:00,94403.3758736657,87687.84633198034,6715.529541685362,550.85
2025-04-29 04:00:00,94073.92429034818,87687.84633198034,6386.077958367832,554.32
2025-04-30 04:00:00,94054.7190896443,87687.84633198034,6366.872757663964,554.54
2025-05-01 04:00:00,93683.01388925486,87687.84633198034,5995.16755727451,558.47
2025-05-02 04:00:00,92910.81311253263,87687.84633198034,5222.966780552292,566.76
2025-05-05 04:00:00,93210.17862442817,87687.84633198034,5522.3322924478225,563.51
2025-05-06 04:00:00,93658.12658851323,87687.84633198034,5970.280256532897,558.8
2025-05-07 04:00:00,93434.95896795783,87687.84633198034,5747.112635977487,561.15
2025-05-08 04:00:00,93064.50164393052,87687.84633198034,5376.655311950173,565.06
2025-05-09 04:00:00,93133.10506740255,87687.84633198034,5445.258735422203,564.34
2025-05-12 04:00:00,85921.17506380212,82191.40094901089,3729.7741147912348,582.99
2025-05-13 04:00:00,91663.92526563509,82191.40094901089,9472.524316624202,586.84
2025-05-14 04:00:00,91732.03137834536,82191.40094901089,9540.630429334466,587.59
2025-05-15 04:00:00,92010.92196893028,82191.40094901089,9819.521019919404,590.46
2025-05-16 04:00:00,92377.00756438672,82191.40094901089,10185.606615375833,594.2
2025-05-19 04:00:00,92424.11393866551,82191.40094901089,10232.71298965463,594.85
2025-05-20 04:00:00,92218.93671106429,82191.40094901089,10027.535762053407,592.85
2025-05-21 04:00:00,91218.73830055978,82191.40094901089,9027.337351548886,582.86
2025-05-22 04:00:00,91235.41462771437,82191.40094901089,9044.013678703483,583.09
2025-05-23 04:00:00,90833.8103498596,82191.40094901089,8642.409400848715,579.11
2025-05-27 04:00:00,92008.90535887367,82191.40094901089,9817.504409862784,591.15
2025-05-28 04:00:00,91661.90596179901,82191.40094901089,9470.505012788124,587.73
2025-05-29 04:00:00,91887.72108430718,82191.40094901089,9696.320135296299,590.05
2025-05-30 04:00:00,91816.157583022,82191.40094901089,9624.7566340111,589.39
2025-06-02 04:00:00,92130.98427732215,82191.40094901089,9939.583328311255,592.71
2025-06-03 04:00:00,92463.27153455991,82191.40094901089,10271.87058554902,596.09
2025-06-04 04:00:00,92441.79003096254,82191.40094901089,10250.389081951647,595.93
2025-06-05 04:00:00,92148.41476378312,82191.40094901089,9957.013814772228,593.05
2025-06-06 04:00:00,92751.7837434734,82191.40094901089,10560.38279446251,599.14
2025-06-09 04:00:00,92789.47081666745,82191.40094901089,10598.069867656573,599.68
2025-06-10 04:00:00,93124.03197702835,82191.40094901089,10932.631028017471,603.08
2025-06-11 04:00:00,92946.61770308894,82191.40094901089,10755.216754078043,601.36
2025-06-12 04:00:00,93180.19577997731,82191.40094901089,10988.794830966419,603.75
2025-06-13 04:00:00,92499.78990091712,82191.40094901089,10308.388951906243,597.0
2025-06-16 04:00:00,93051.53525861845,82191.40094901089,10860.134309607565,602.68
2025-06-17 04:00:00,92531.12073419082,82191.40094901089,10339.719785179932,597.53
2025-06-18 04:00:00,92516.70459400759,82191.40094901089,10325.3036449967,597.44
2025-06-20 04:00:00,92189.87149299448,82191.40094901089,9998.470543983593,594.28
2025-06-23 04:00:00,92760.61781176859,82191.40094901089,10569.216862757701,600.15
2025-06-24 04:00:00,93418.19879817974,82191.40094901089,11226.797849168855,606.78
2025-06-25 04:00:00,93446.77919138694,82191.40094901089,11255.37824237606,607.12
2025-06-26 04:00:00,93916.3589906403,82191.40094901089,11724.958041629423,611.87
2025-06-27 04:00:00,96712.82555658162,84689.28830972548,12023.537246856136,614.91
2025-06-30 04:00:00,94270.8820807875,84689.28830972548,9581.593771062013,617.85
2025-07-01 04:00:00,94244.22206749106,84689.28830972548,9554.933757765582,617.65
2025-07-02 04:00:00,94515.13425502162,84689.28830972548,9825.845945296134,620.45
2025-07-03 04:00:00,94994.58463967788,84689.28830972548,10305.296329952398,625.34
2025-07-07 04:00:00,94505.30600975905,84689.28830972548,9816.01770003357,620.68
2025-07-08 04:00:00,94465.05928839777,84689.28830972548,9775.77097867229,620.34
2025-07-09 04:00:00,94829.24224759487,84689.28830972548,10139.953937869393,624.06
2025-07-10 04:00:00,94998.52756691683,84689.28830972548,10309.239257191359,625.82
2025-07-11 04:00:00,94772.97780340933,84689.28830972548,10083.689493683847,623.62
2025-07-14 04:00:00,94873.38095713484,84689.28830972548,10184.092647409352,624.81
2025-07-15 04:00:00,94600.83793784009,84689.28830972548,9911.549628114608,622.14
2025-07-16 04:00:00,94802.43611119458,84689.28830972548,10113.147801469097,624.22
2025-07-17 04:00:00,95178.03145421266,84689.28830972548,10488.743144487182,628.04
2025-07-18 04:00:00,95126.17073181343,84689.28830972548,10436.882422087945,627.58
2025-07-21 04:00:00,95227.52432132563,84689.28830972548,10538.236011600146,628.77
2025-07-22 04:00:00,95230.70154024464,84689.28830972548,10541.413230519163,628.86
2025-07-23 04:00:00,95759.78778641604,84689.28830972548,11070.499476690555,634.21
2025-07-24 04:00:00,95775.0159011365,84689.28830972548,11085.727591411023,634.42
2025-07-25 04:00:00,96037.23441495134,84689.28830972548,11347.946105225856,637.1
2025-07-28 04:00:00,96003.98534567664,84689.28830972548,11314.697035951167,636.94
2025-07-29 04:00:00,95830.24211317906,84689.28830972548,11140.953803453578,635.26
2025-07-30 04:00:00,95744.49740258942,84689.28830972548,11055.209092863935,634.46
2025-07-31 04:00:00,95500.75449857536,84689.28830972548,10811.466188849885,632.08
2025-08-01 04:00:00,94459.02640976213,84689.28830972548,9769.738100036637,621.72
2025-08-04 04:00:00,95386.77496369726,84689.28830972548,10697.486653971771,631.17
2025-08-05 04:00:00,95061.02994043405,84689.28830972548,10371.741630708562,627.97
2025-08-06 04:00:00,95536.28406929919,84689.28830972548,10846.995759573701,632.78
2025-08-07 04:00:00,95477.53786267729,84689.28830972548,10788.249552951811,632.25
2025-08-08 04:00:00,95964.79104282145,84689.28830972548,11275.502733095971,637.18
2025-08-11 04:00:00,95821.5468387268,84689.28830972548,11132.25852900132,635.92
2025-08-12 04:00:00,97980.07696221424,86176.56776100319,11803.509201211056,642.69
2025-08-13 04:00:00,96484.30970118358,86176.56776100319,10307.741940180393,644.89
2025-08-14 04:00:00,96483.25035136312,86176.56776100319,10306.682590359946,644.95
2025-08-15 04:00:00,96326.55312916903,86176.56776100319,10149.985368165846,643.44
2025-08-18 04:00:00,96291.79536088157,86176.56776100319,10115.227599878392,643.3
2025-08-19 04:00:00,95938.57725099666,86176.56776100319,9762.009489993477,639.81
2025-08-20 04:00:00,95762.98634812668,86176.56776100319,9586.41858712349,638.11
2025-08-21 04:00:00,95502.20619968888,86176.56776100319,9325.6384386857,635.55
2025-08-22 04:00:00,96464.54808554688,86176.56776100319,10287.980324543696,645.31
2025-08-25 04:00:00,96161.98049370383,86176.56776100319,9985.41273270065,642.47
2025-08-26 04:00:00,96423.38886812507,86176.56776100319,10246.821107121878,645.16
2025-08-27 04:00:00,96563.50970521859,86176.56776100319,10386.941944215403,646.63
2025-08-28 04:00:00,96785.62438677436,86176.56776100319,10609.056625771176,648.92
2025-08-29 04:00:00,96393.15696865291,86176.56776100319,10216.589207649724,645.05
2025-09-02 04:00:00,95890.83010048815,86176.56776100319,9714.262339484969,640.27
2025-09-03 04:00:00,96230.9355825946,86176.56776100319,10054.367821591404,643.74
2025-09-04 04:00:00,96762.22316787968,86176.56776100319,10585.655406876504,649.12
2025-09-05 04:00:00,96568.25155252633,86176.56776100319,10391.683791523144,647.24
2025-09-08 04:00:00,96708.96504966303,86176.56776100319,10532.397288659853,648.83
2025-09-09 04:00:00,96852.90255716481,86176.56776100319,10676.33479616162,650.33
2025-09-10 04:00:00,97034.86927506489,86176.56776100319,10858.301514061703,652.21
2025-09-11 04:00:00,97570.84299334258,86176.56776100319,11394.275232339396,657.63
2025-09-12 04:00:00,97542.87298398987,86176.56776100319,11366.305222986693,657.41
2025-09-15 04:00:00,97874.97185379436,86176.56776100319,11698.404092791168,660.91
2025-09-16 04:00:00,97778.00947726508,86176.56776100319,11601.441716261888,660.0
2025-09-17 04:00:00,97690.04682175981,86176.56776100319,11513.479060756628,659.18
2025-09-18 04:00:00,97992.08349991031,86176.56776100319,11815.515738907128,662.26
2025-09-19 04:00:00,98130.12017440933,86176.56776100319,11953.552413406134,663.7
2025-09-22 04:00:00,98426.226808728,86176.56776100319,12249.65904772481,666.84
2025-09-23 04:00:00,98057.26107415416,86176.56776100319,11880.69331315097,663.21
2025-09-24 04:00:00,97840.2946859283,86176.56776100319,11663.726924925106,661.1
2025-09-25 04:00:00,97529.32764404391,86176.56776100319,11352.759883040722,658.05
2025-09-26 04:00:00,97900.35994825198,86176.56776100319,11723.792187248797,661.82
2025-09-29 04:00:00,99528.04516433996,87636.15998887048,11891.885175469473,663.68
2025-09-30 04:00:00,98086.8940846748,87636.15998887048,10450.734095804319,666.18
2025-10-01 04:00:00,98304.42418609632,87636.15998887048,10668.264197225846,668.45
2025-10-02 04:00:00,98373.58644663577,87636.15998887048,10737.426457765287,669.22
2025-10-03 04:00:00,98365.4471548712,87636.15998887048,10729.287166000722,669.21
2025-10-06 04:00:00,98582.93752628373,87636.15998887048,10946.777537413243,671.61
2025-10-07 04:00:00,98328.33864285467,87636.15998887048,10692.178653984183,669.12
2025-10-08 04:00:00,98718.59321585592,87636.15998887048,11082.433226985439,673.11
2025-10-09 04:00:00,98517.60486152564,87636.15998887048,10881.444872655164,671.16
2025-10-10 04:00:00,96709.82705981191,87636.15998887048,9073.667070941428,653.02
2025-10-13 04:00:00,97681.84086180787,87636.15998887048,10045.680872937384,663.04
2025-10-14 04:00:00,97594.30321097207,87636.15998887048,9958.143222101591,662.23
2025-10-15 04:00:00,97880.24285475124,87636.15998887048,10244.082865880762,665.17
2025-10-16 04:00:00,97422.21652622153,87636.15998887048,9786.056537351044,660.64
2025-10-17 04:00:00,97789.04616323591,87636.15998887048,10152.886174365427,664.39
2025-10-20 04:00:00,98459.07333617817,87636.15998887048,10822.91334730769,671.3
2025-10-21 04:00:00,98451.68214865534,87636.15998887048,10815.52215978486,671.29
2025-10-22 04:00:00,98096.66010781344,87636.15998887048,10460.500118942957,667.8
2025-10-23 04:00:00,98485.94401326845,87636.15998887048,10849.784024397968,671.76
2025-10-24 04:00:00,99028.39853882843,87636.15998887048,11392.238549957949,677.25
2025-10-27 04:00:00,99808.61869229963,87636.15998887048,12172.45870342915,685.24
2025-10-28 04:00:00,99984.41991662057,87636.15998887048,12348.259927750087,687.06
2025-10-29 04:00:00,100011.23316757842,87636.15998887048,12375.073178707942,687.39
2025-10-30 04:00:00,99249.07011144253,87636.15998887048,11612.910122572055,679.83
2025-10-31 04:00:00,99465.87525273458,87636.15998887048,11829.715263864102,682.06
2025-11-03 05:00:00,99569.14287458382,87636.15998887048,11932.98288571334,683.34
2025-11-04 05:00:00,98752.96276801986,87636.15998887048,11116.802779149384,675.24
2025-11-05 05:00:00,98980.77914928758,87636.15998887048,11344.619160417096,677.58
2025-11-06 05:00:00,98247.5969936367,87636.15998887048,10611.43700476622,670.31
2025-11-07 05:00:00,98307.4129106736,87636.15998887048,10671.252921803125,670.97
2025-11-10 05:00:00,99335.85854428033,87636.15998887048,11699.69855540985,681.44
2025-11-11 05:00:00,99485.67252816448,87636.15998887048,11849.512539293994,683.0
2025-11-12 05:00:00,99517.48583436734,87636.15998887048,11881.32584549686,683.38
2025-11-13 05:00:00,98358.13956752224,87617.00109383673,10741.13847368551,672.04
2025-11-14 05:00:00,98145.8299110872,87617.00109383673,10528.828817250473,671.93
2025-11-17 05:00:00,97504.09297201197,87617.00109383673,9887.091878175237,665.67
2025-11-18 05:00:00,96944.97786499787,87617.00109383673,9327.976771161128,660.08
2025-11-19 05:00:00,97188.37978277446,87617.00109383673,9571.378688937715,662.63
2025-11-20 05:00:00,95175.15331782457,86605.07947652432,8570.073841300256,652.53
2025-11-21 05:00:00,95390.93266725836,86605.07947652432,8785.853190734031,659.03
2025-11-24 05:00:00,94485.66255135449,86605.07947652432,7880.583074830167,668.73
2025-11-25 05:00:00,93906.14830023228,86605.07947652432,7301.068823707954,675.02
2025-11-26 05:00:00,93482.52255611133,86605.07947652432,6877.44307958701,679.68
2025-11-28 05:00:00,93145.81062585356,86605.07947652432,6540.731149329235,683.39
2025-12-01 05:00:00,93421.32767289325,86605.07947652432,6816.248196368929,680.27
2025-12-02 05:00:00,93305.03320666803,86605.07947652432,6699.953730143705,681.53
2025-12-03 05:00:00,93088.83906827535,86605.07947652432,6483.759591751039,683.89
2025-12-04 05:00:00,93041.36687766643,86605.07947652432,6436.287401142113,684.39
2025-12-05 05:00:00,92921.26305627856,86605.07947652432,6316.18357975425,685.69
2025-12-08 05:00:00,93104.05814531374,86605.07947652432,6498.978668789425,683.63
2025-12-09 05:00:00,93157.65780855398,86605.07947652432,6552.578332029657,683.04
2025-12-10 05:00:00,92738.28567307624,86605.07947652432,6133.206196551919,687.57
2025-12-11 05:00:00,92589.47127391664,86605.07947652432,5984.391797392323,689.17
2025-12-12 05:00:00,93276.59232115843,86605.07947652432,6671.512844634106,681.76
2025-12-15 05:00:00,93376.88581058929,86605.07947652432,6771.806334064968,680.73
2025-12-16 05:00:00,93557.17034984638,86605.07947652432,6952.09087332206,678.87
2025-12-17 05:00:00,94286.45195776573,86605.07947652432,7681.3724812414075,671.4
2025-12-18 05:00:00,93795.461496604,86605.07947652432,7190.382020079676,676.47
2025-12-19 05:00:00,93398.53051248487,86605.07947652432,6793.45103596055,680.59
2025-12-22 05:00:00,92995.41436546251,86605.07947652432,6390.334888938185,684.83
2025-12-23 05:00:00,92694.60715258874,86605.07947652432,6089.527676064416,687.96
2025-12-24 05:00:00,92462.54423838174,86605.07947652432,5857.46476185742,690.38
2025-12-26 05:00:00,92472.76259936848,86605.07947652432,5867.683122844164,690.31
2025-12-29 05:00:00,92724.64352446288,86605.07947652432,6119.564047938558,687.85
2025-12-30 05:00:00,92812.96570313507,86605.07947652432,6207.8862266107535,687.01
2025-12-31 05:00:00,93325.30142896359,86605.07947652432,6720.221952439271,681.92
2026-01-02 05:00:00,93215.20161162324,86605.07947652432,6610.122135098925,683.17
2026-01-05 05:00:00,88935.89717385129,82757.00627617167,6178.8908976796165,687.72
2026-01-06 05:00:00,92236.30837978034,82757.00627617167,9479.302103608677,691.81
2026-01-07 05:00:00,92452.68816527314,82757.00627617167,9695.681889101468,689.58
2026-01-08 05:00:00,92463.17224440287,82757.00627617167,9706.16596823121,689.51
2026-01-09 05:00:00,92030.51406115424,82757.00627617167,9273.507784982576,694.07
2026-01-12 05:00:00,91936.10412786328,82757.00627617167,9179.097851691608,695.16
2026-01-13 05:00:00,92072.96140096358,82757.00627617167,9315.955124791912,693.77
2026-01-14 05:00:00,92406.1731710014,82757.00627617167,9649.166894829727,690.36
